"","Name","Number"
"1","PATRIC REED","34360"
"2","JAMIE DONALD","25369"
"3","BUBBA WATSON","25804"
"4","DUSTIN JOHNSO","30925"
"5","RICHAR STERNE","24459"
"6","THONGC JAIDEE","24511"
"7","STEPHE GALLAC","20376"
"8","BILL HAAS","24924"
"9","JASON DUFNER","25686"
"10","HUNTER MAHAN","24781"
"11","GRAEME MCDOWE","25572"
"12","CHARL SCHWAR","26331"
"13","MIGUEL JIMENE","19958"
"14","MATT KUCHAR","23108"
"15","JOOST LUITEN","28300"
"16","JONAS BLIXT","27895"
"17","GEORGE COETZE","28937"
"18","SERGIO GARCIA","21209"
"19","SCOTT HEND","23063"
"20","HENRIK STENSO","21528"
"21","GARY WOODLA","31323"
"22","HARRIS ENGLIS","34099"
"23","ZACH JOHNSO","24024"
"24","PHIL MICKEL","01810"
"25","LUKE DONALD","23983"
"26","RORY MCILRO","28237"
"27","FRANCE MOLINA","25198"
"28","RYAN MOORE","26596"
"29","ADAM SCOTT","24502"
"30","KEVIN STREEL","27214"
"31","PETER UIHLEI","29484"
"32","JIMMY WALKER","25632"
"33","TIGER WOODS","08793"
"34","GRAHAM DELAET","27436"
"35","HYUNG- KIM","37092"
"36","HIDEKI MATSUY","32839"
"37","JUSTIN ROSE","22405"
"38","JORDAN SPIETH","34046"
"39","LEE WESTWO","20396"
"40","DARREN FICHAR","20721"
"41","BRANDE GRACE","29974"
"42","CHRIS KIRK","30926"
"43","LOUIS OOSTHU","26329"
"44","THOMAS BJORN","10944"
"45","RICKIE FOWLER","32102"
"46","BRANDT SNEDEK","27649"
"47","RUSSEL HENLEY","34098"
"48","WEBB SIMPSO","29221"
"49","KEVIN STADLE","26679"
"50","KEEGAN BRADLE","33141"
"51","BILLY HORSCH","29420"
"52","ERNIE ELS","06522"
"53","IAN POULTE","24138"
"54","BRENDO DE JON","23638"
"55","GONZAL FDEZ-C","25191"
"56","BOO WEEKLE","26289"
"57","STEVE STRICK","06527"
"58","ROBERT CASTRO","32200"
"59","MARTIN KAYMER","27408"
"60","JIN JEONG","32878"
"61","MATTEO MANASS","33199"
"62","VICTOR DUBUIS","28339"
"63","JIM FURYK","10809"
"64","D.A. POINTS","25240"
"65","DAWIE VAN DE","28114"
"66","BRETT RUMFOR","23797"
"67","KIRADE APHIBA","30978"
"68","NICK WATNEY","27095"
